{
    "best_window": 996,
    "in_sample_return_pct": -7.029989700000078,
    "out_of_sample_return_pct": -0.15815770000014162,
    "status": "OVERFITTED"
}